<?xml version="1.0" encoding="utf-8"?>
<Presentation version="8.0.2027.0127"><ContentChanged><IndexItem time="3.953" seekTime="3.953" thumb="res/Pic/Slide5.jpg" contentType="Ppt"><![CDATA[New In Live Meeting 2007]]></IndexItem><IndexItem time="7.172" seekTime="7.172" thumb="res/Pic/Slide6.jpg" contentType="Ppt"><![CDATA[Office Live Meeting 2007]]></IndexItem><IndexItem time="9.313" seekTime="9.313" thumb="res/Pic/0Slide5.jpg" contentType="Ppt"><![CDATA[New In Live Meeting 2007]]></IndexItem><IndexItem time="10.172" seekTime="10.172" thumb="res/Pic/0Slide6.jpg" contentType="Ppt"><![CDATA[Office Live Meeting 2007]]></IndexItem><IndexItem time="13.516" seekTime="13.516" thumb="res/Pic/Slide7.jpg" contentType="Ppt"><![CDATA[Collaborative Meetings]]></IndexItem><IndexItem time="14.750" seekTime="14.750" thumb="res/Pic/1Slide6.jpg" contentType="Ppt"><![CDATA[Office Live Meeting 2007]]></IndexItem><IndexItem time="18.734" seekTime="18.734" thumb="res/Pic/0Slide7.jpg" contentType="Ppt"><![CDATA[Collaborative Meetings]]></IndexItem><IndexItem time="27.609" seekTime="27.609" thumb="res/Pic/Slide8.jpg" contentType="Ppt"><![CDATA[Training And Events]]></IndexItem><IndexItem time="41.297" seekTime="41.297" thumb="res/Pic/rec_slide_whiteboard.png" contentType="Whiteboard"><![CDATA[[ White Board 1 ]]]></IndexItem><IndexItem time="53.672" seekTime="53.672" thumb="res/Pic/rec_slide_image.png" contentType="Image"><![CDATA[[ Snapshot 1 ]]]></IndexItem><IndexItem time="57.703" seekTime="57.703" thumb="res/Pic/0rec_slide_whiteboard.png" contentType="Whiteboard"><![CDATA[[ White Board 1 ]]]></IndexItem><IndexItem time="59.765" seekTime="59.765" thumb="res/Pic/0Slide8.jpg" contentType="Ppt"><![CDATA[Training And Events]]></IndexItem></ContentChanged><SpeakerChanged><IndexItem time="1.660" attendee="IdE348F6F8-CDA5-4A2E-96B3-14817DB75B48"/></SpeakerChanged></Presentation>
