<?xml version="1.0" encoding="utf-8" standalone="no"?><Presentation version="8.0.2027.0127"><MiscInfo><Organizer><![CDATA[admin admin]]></Organizer><StartTime>2016-07-19T16:12:27-07:00</StartTime><StopTime>2016-07-19T16:13:33-07:00</StopTime><Duration>65.937</Duration><Subject><![CDATA[sdsdfgvgbnhj]]></Subject><Location><![CDATA[https://www.pwlab.selfhost.corp.microsoft.com/cc/chichenitza/join?id=58W44C&role=attend&pw=5Wp%5E%7D%244]]></Location><Branding><![CDATA[res\Pic\owner-brand.gif]]></Branding></MiscInfo><AttendeeList><Attendee id="IdE348F6F8-CDA5-4A2E-96B3-14817DB75B48"><FullName><![CDATA[admin admin]]></FullName><NameInMeeting><![CDATA[admin admin]]></NameInMeeting><Corporation/><Title/><Email/></Attendee></AttendeeList><MeetingNotes><![CDATA[res\Notes\MeetingNotes.htm]]></MeetingNotes></Presentation>