<?xml version="1.0" encoding="utf-8"?>
<Presentation version="8.0.2027.0127"><ResChangeList><AddRes time="0.000"><Resource id="R0" resType="Audio" visible="false"><Page id="P0" pageType="Audio" format="AV" url="res/AV/audio.xml" entry="0" size="140513"/></Resource></AddRes><AddRes time="0.000"><Resource id="R1" resType="QCIFVideo" visible="false"><Page id="P1" pageType="QCIFVideo" format="AV" url="res/AV/QCifVideo.xml" entry="0"/></Resource></AddRes><AddRes time="0.000"><Resource id="R2" resType="Ppt" visible="true"><Page id="P2" pageType="Ppt" format="Slides" url="res/Slide/0/Slide0104.htm" width="704" height="528" size="15335"><Related url="res/Slide/0/bullet001.gif" size="1035"/><Related url="res/Slide/0/bullet002.gif" size="306"/><Related url="res/Slide/0/master64.xml" size="4288"/><Related url="res/Slide/0/master29_image001.jpg" size="58444"/><Related url="res/Slide/0/master64_background.gif" size="39563"/><Related url="res/Slide/0/master64_stylesheet.css" size="12741"/><Related url="res/Slide/0/script.js" size="29345"/></Page><Page id="P3" pageType="Ppt" format="Slides" url="res/Slide/0/Slide0069.htm" width="704" height="528" size="41358"><Related url="res/Slide/0/bullet001.gif" size="1035"/><Related url="res/Slide/0/bullet003.gif" size="289"/><Related url="res/Slide/0/master64.xml" size="4288"/><Related url="res/Slide/0/master29_image001.jpg" size="58444"/><Related url="res/Slide/0/master64_background.gif" size="39563"/><Related url="res/Slide/0/master64_stylesheet.css" size="12741"/><Related url="res/Slide/0/script.js" size="29345"/><Related url="res/Slide/0/slide0069_image008.png" size="118455"/><Related url="res/Slide/0/slide0069_image009.gif" size="8087"/><Related url="res/Slide/0/slide0069_image010.png" size="82124"/><Related url="res/Slide/0/slide0069_image011.gif" size="7485"/><Related url="res/Slide/0/slide0069_image012.png" size="94537"/><Related url="res/Slide/0/slide0069_image013.gif" size="7901"/><Related url="res/Slide/0/slide0069_image014.png" size="119163"/><Related url="res/Slide/0/slide0069_image015.png" size="91624"/><Related url="res/Slide/0/slide0069_image016.gif" size="14010"/><Related url="res/Slide/0/slide0069_image017.png" size="37582"/><Related url="res/Slide/0/slide0069_image018.gif" size="7751"/></Page><Page id="P4" pageType="Ppt" format="Slides" url="res/Slide/0/Slide0070.htm" width="704" height="528" size="196344"><Related url="res/Slide/0/bullet001.gif" size="1035"/><Related url="res/Slide/0/master69.xml" size="4288"/><Related url="res/Slide/0/master29_image001.jpg" size="58444"/><Related url="res/Slide/0/master69_background.gif" size="39563"/><Related url="res/Slide/0/master69_stylesheet.css" size="12741"/><Related url="res/Slide/0/script.js" size="29345"/><Related url="res/Slide/0/slide0070_image019.png" size="8766"/><Related url="res/Slide/0/slide0070_image020.gif" size="2002"/><Related url="res/Slide/0/slide0070_image021.png" size="180383"/><Related url="res/Slide/0/slide0070_image022.gif" size="4098"/><Related url="res/Slide/0/slide0070_image023.jpg" size="165628"/><Related url="res/Slide/0/slide0070_image024.gif" size="12143"/></Page><Page id="P5" pageType="Ppt" format="Slides" url="res/Slide/0/Slide0071.htm" width="704" height="528" size="35414"><Related url="res/Slide/0/bullet001.gif" size="1035"/><Related url="res/Slide/0/master64.xml" size="4288"/><Related url="res/Slide/0/master29_image001.jpg" size="58444"/><Related url="res/Slide/0/master64_background.gif" size="39563"/><Related url="res/Slide/0/master64_stylesheet.css" size="12741"/><Related url="res/Slide/0/script.js" size="29345"/><Related url="res/Slide/0/slide0070_image019.png" size="8766"/><Related url="res/Slide/0/slide0071_image025.gif" size="2002"/><Related url="res/Slide/0/slide0071_image026.png" size="114168"/><Related url="res/Slide/0/slide0071_image027.gif" size="9362"/></Page></Resource></AddRes><AddRes time="0.000"><Resource id="R3" resType="Whiteboard" visible="true"><Page id="P6" pageType="Whiteboard" format="Whiteboard" url="" width="704" height="528" size="0"/></Resource></AddRes><AddRes time="0.000"><Resource id="R4" resType="Image" visible="true"><Page id="P7" pageType="Image" format="Image" url="res/Image/0/xcc574c39b5df.png" width="380" height="357" size="97976"/></Resource></AddRes></ResChangeList><PageChangeList><Audio><PgCMessage time="0.000" page="P0"/><PgCMessage time="63.780"/></Audio><QCIFVideo><PgCMessage time="3.047" page="P1"/><PgCMessage time="63.785"/></QCIFVideo><PanoVideo/><Content><PgCMessage time="3.953" page="P2"/><PgCMessage time="7.172" page="P3"/><PgCMessage time="9.313" page="P2"/><PgCMessage time="10.172" page="P3"/><PgCMessage time="13.516" page="P4"/><PgCMessage time="14.750" page="P3"/><PgCMessage time="18.734" page="P4"/><PgCMessage time="27.609" page="P5"/><PgCMessage time="41.297" page="P6"/><PgCMessage time="53.672" page="P7"/><PgCMessage time="57.703" page="P6"/><PgCMessage time="59.765" page="P5"/></Content><QA/></PageChangeList><InnerPageMessageList><AnimationChanged time="3.953" page="P2" currentStep="0"/><AnimationChanged time="7.172" page="P3" currentStep="0"/><AnimationChanged time="9.313" page="P2" currentStep="0"/><AnimationChanged time="10.172" page="P3" currentStep="0"/><AnimationChanged time="11.078" page="P3" currentStep="1"/><AnimationChanged time="13.516" page="P4" currentStep="0"/><AnimationChanged time="14.750" page="P3" currentStep="1"/><AnimationChanged time="18.734" page="P4" currentStep="0"/><AnimationChanged time="19.984" page="P4" currentStep="1"/><AnimationChanged time="21.391" page="P4" currentStep="2"/><AnimationChanged time="23.859" page="P4" currentStep="3"/><AnimationChanged time="25.547" page="P4" currentStep="4"/><AnimationChanged time="27.609" page="P5" currentStep="0"/><AnimationChanged time="29.266" page="P5" currentStep="1"/><AnimationChanged time="30.516" page="P5" currentStep="2"/><AnnotationChanged time="46.281" page="P6" action="Draw" elementId="7" type="HighLighter" keyPoints="182.000,441.000,151.000,418.000,146.000,408.000,142.000,397.000,139.000,370.000,139.000,354.000,142.000,340.000,149.000,323.000,158.000,304.000,183.000,272.000,198.000,258.000,212.000,245.000,225.000,236.000,234.000,230.000,243.000,226.000,244.000,227.000,246.000,229.000,246.000,235.000,246.000,243.000,244.000,253.000,242.000,268.000,240.000,283.000,237.000,296.000,236.000,306.000,233.000,323.000,233.000,328.000,234.000,330.000,236.000,331.000,238.000,331.000,242.000,331.000,250.000,327.000,265.000,316.000,282.000,304.000,304.000,288.000,330.000,270.000,393.000,235.000,425.000,217.000,457.000,202.000,486.000,192.000,527.000,185.000,536.000,185.000,541.000,189.000,543.000,194.000,543.000,209.000,539.000,223.000,534.000,235.000,520.000,262.000,515.000,273.000,510.000,284.000,509.000,291.000,507.000,296.000,507.000,297.000,507.000,297.000,509.000,296.000,514.000,291.000,519.000,283.000,530.000,271.000,543.000,254.000,561.000,234.000,577.000,216.000,599.000,191.000,621.000,165.000,642.000,142.000,660.000,125.000,675.000,112.000,683.000,107.000,685.000,106.000,685.000,109.000,681.000,116.000,676.000,124.000,664.000,140.000,658.000,149.000,651.000,159.000,647.000,167.000,643.000,173.000,641.000,178.000,640.000,183.000,640.000,183.000,640.000,182.000,642.000,180.000,642.000,177.000,644.000,174.000,644.000,171.000,646.000,166.000,647.000,164.000,648.000,163.000,648.000,163.000,648.000,163.000,648.000,163.000" color="FFFF00"/><AnnotationChanged time="56.453" page="P7" action="Draw" elementId="10" type="HighLighter" keyPoints="152.000,96.000,156.000,95.000,157.000,95.000,159.000,95.000,161.000,94.000,163.000,93.000,165.000,92.000,168.000,91.000,172.000,90.000,175.000,88.000,185.000,86.000,189.000,84.000,194.000,84.000,199.000,82.000,208.000,80.000,212.000,79.000,216.000,79.000,222.000,79.000,224.000,79.000,226.000,80.000,229.000,81.000,232.000,83.000,234.000,84.000,235.000,85.000,237.000,86.000,239.000,87.000,240.000,89.000,240.000,89.000,242.000,90.000,242.000,91.000,243.000,91.000,243.000,92.000,244.000,92.000,245.000,93.000,246.000,93.000,246.000,93.000,247.000,93.000,248.000,93.000,250.000,92.000,252.000,92.000,255.000,90.000,258.000,89.000,262.000,86.000,265.000,85.000,272.000,84.000,276.000,84.000,278.000,84.000,279.000,85.000,281.000,86.000,282.000,87.000,283.000,89.000,284.000,91.000,285.000,94.000,286.000,96.000,286.000,98.000,286.000,100.000,287.000,100.000,287.000,101.000,287.000,101.000,287.000,100.000,287.000,100.000,288.000,100.000,288.000,100.000" color="FFFF00"/><AnnotationChanged time="58.609" page="P6" action="Draw" elementId="11" type="HighLighter" keyPoints="270.000,105.000,270.000,104.000,272.000,102.000,272.000,102.000,272.000,105.000,272.000,107.000,271.000,111.000,271.000,115.000,271.000,129.000,271.000,136.000,271.000,145.000,271.000,156.000,271.000,166.000,272.000,177.000,272.000,187.000,273.000,197.000,274.000,205.000,275.000,212.000,276.000,219.000,278.000,227.000,278.000,228.000,279.000,229.000,279.000,229.000,279.000,229.000,280.000,229.000,280.000,229.000,280.000,228.000,280.000,228.000" color="FFFF00"/><AnimationChanged time="59.765" page="P5" currentStep="2"/><AnnotationChanged time="61.703" page="P5" action="Draw" elementId="12" type="HighLighter" keyPoints="396.000,118.000,439.000,246.000" color="FFFF00"/><AnnotationChanged time="62.000" page="P5" action="Draw" elementId="13" type="HighLighter" keyPoints="341.000,175.000,345.000,229.000,345.000,229.000,346.000,234.000,346.000,238.000,346.000,248.000,346.000,252.000,346.000,254.000,346.000,259.000,345.000,261.000,345.000,262.000,345.000,263.000,345.000,265.000,345.000,266.000,345.000,267.000,345.000,268.000,345.000,268.000,345.000,269.000,345.000,269.000,345.000,270.000,345.000,271.000,345.000,272.000,345.000,272.000,345.000,273.000,345.000,273.000,345.000,273.000,345.000,273.000,345.000,273.000" color="FFFF00"/></InnerPageMessageList><QAMessageList/><PrimaryVideoSrcMessageList><PrimaryVideoSrcChanged time="3.047" attendee="IdE348F6F8-CDA5-4A2E-96B3-14817DB75B48"/></PrimaryVideoSrcMessageList><BizCardChangedMessageList><BizCardChanged time="3.047" action="hide"/><BizCardChanged time="63.785" action="show"/></BizCardChangedMessageList><NextID>1</NextID></Presentation>
